<?xml version="1.0" encoding="UTF-8" standalone="yes"?>
<Content>
        
    <Views>
                
        <ViewDef id="23393b6e-e61e-4ea3-b612-925f9da6fd86">
                        
            <Title>Dell EMC Server Firmware Details</Title>
                        
            <Description>Dell EMC Server Firmware Details</Description>
                        
            <SubjectType adapterKind="HardwarevCommunity" resourceKind="PhysicalServer" type="descendant"/>
                        
            <SubjectType adapterKind="HardwarevCommunity" resourceKind="PhysicalServer" type="self"/>
                        
            <Usage>dashboard</Usage>
                        
            <Usage>report</Usage>
                        
            <Usage>details</Usage>
                        
            <Usage>content</Usage>
                        
            <Controls>
                                
                <Control id="time-interval-selector_id_7529" type="time-interval-selector" visible="false">
                                        
                    <Property name="advancedTimeMode" value="false"/>
                                        
                    <Property name="unit" value="DAYS"/>
                                        
                    <Property name="count" value="7"/>
                                    
                </Control>
                                
                <Control id="attributes-selector_id_7530" type="attributes-selector" visible="false">
                                        
                    <Property name="attributeInfos">
                                                
                        <List>
                                                        
                            <Item>
                                
                                <Value>
                                        
                                    <Property name="objectType" value="RESOURCE"/>
                                        
                                    <Property name="attributeKey" value="Instance Name"/>
                                        
                                    <Property name="rollUpCount" value="0"/>
                                        
                                    <Property name="isInstancedGroup" value="true"/>
                                        
                                    <Property name="showInstanceName" value="true"/>
                                        
                                    <Property name="instanceGroupName" value="GROUP_Firmware"/>
                                        
                                    <Property name="keepInstanceSummary" value="false"/>
                                        
                                    <Property name="displayName" value="Device"/>
                                    
                                </Value>
                                                            
                            </Item>
                                                        
                            <Item>
                                
                                <Value>
                                        
                                    <Property name="objectType" value="RESOURCE"/>
                                        
                                    <Property name="attributeKey" value="Firmware:Backplane 1|Version"/>
                                        
                                    <Property name="isStringAttribute" value="true"/>
                                        
                                    <Property name="adapterKind" value="HardwarevCommunity"/>
                                        
                                    <Property name="resourceKind" value="PhysicalServer"/>
                                        
                                    <Property name="rollUpCount" value="0"/>
                                        
                                    <Property name="transformations">
                                                
                                        <List>
                                                        
                                            <Item value="CURRENT"/>
                                                    
                                        </List>
                                            
                                    </Property>
                                        
                                    <Property name="isProperty" value="true"/>
                                        
                                    <Property name="displayName" value="Firmware Version"/>
                                        
                                    <Property name="addTimestampAsColumn" value="false"/>
                                        
                                    <Property name="isShowRelativeTimestamp" value="false"/>
                                    
                                </Value>
                                                            
                            </Item>
                                                    
                        </List>
                                            
                    </Property>
                                    
                </Control>
                                
                <Control id="pagination-control_id_7531" type="pagination-control" visible="true">
                                        
                    <Property name="start" value="0"/>
                                        
                    <Property name="size" value="50"/>
                                    
                </Control>
                                
                <Control id="metadata_id_7532" type="metadata" visible="false">
                                        
                    <Property name="maxPointsCount" value="5000"/>
                                        
                    <Property name="hideObjectNameColumn" value="true"/>
                                        
                    <Property name="listTopResultSize" value="-1"/>
                                    
                </Control>
                            
            </Controls>
                        
            <DataProviders>
                                
                <DataProvider dataType="list-view" id="list-view_id_7528"/>
                            
            </DataProviders>
                        
            <Presentation type="list"/>
                    
        </ViewDef>
            
    </Views>
    
</Content>
