{
   "entries": {"resourceKind": [{
      "resourceKindKey": "PhysicalServer",
      "internalId": "resourceKind:id:0_::_",
      "adapterKindKey": "HardwarevCommunity"
   }]},
   "dashboards": [{
      "shared": false,
      "temporary": false,
      "hidden": false,
      "creationTime": 1769277263841,
      "autoswitchEnabled": false,
      "importAttempts": 0,
      "lastUpdateUserId": "243d8e63-642a-43a4-b493-f5b816c8b745",
      "columnProportion": "1-1",
      "importComplete": true,
      "description": "",
      "columnCount": 1,
      "widgets": [
         {
            "collapsed": false,
            "id": "97c6c407-1e4d-4ffc-9b41-980edbd7b38e",
            "gridsterCoords": {
               "w": 8,
               "x": 1,
               "h": 5,
               "y": 1
            },
            "type": "View",
            "title": "Dell EMC Servers",
            "config": {
               "refreshInterval": 300,
               "resource": null,
               "traversalSpecId": "",
               "refreshContent": {"refreshContent": true},
               "isUpdatedView": true,
               "chartViewItems": [],
               "selectFirstRow": {"selectFirstRow": true},
               "selfProvider": {"selfProvider": false},
               "title": "Dell EMC Servers",
               "viewDefinitionId": "e4b8fd54-3f27-430e-b039-d0b2c4a5be03"
            },
            "height": 266,
            "states": [
               {
                  "value": "b%3A0",
                  "key": "perm_isDashboardTime_widget_63629e00-eb4f-47e8-b56f-add47cdda9f4_97c6c407-1e4d-4ffc-9b41-980edbd7b38e"
               },
               {
                  "value": "o%3Acolumns%3Da%253Ao%25253Aid%25253Ds%2525253ApermTableView_widget_b1eb1c61-6839-4684-84d1-51a78623aa16_6adf4440-87a0-40a6-aba5-d11642d179c4-column-0%25255Ehidden%25253Db%2525253A0%25255Ewidth%25253Dn%2525253A293%255Eo%25253Aid%25253Ds%2525253ApermTableView_widget_b1eb1c61-6839-4684-84d1-51a78623aa16_6adf4440-87a0-40a6-aba5-d11642d179c4-column-Availability%2525257CPing%2525257CStatus1%25255Ehidden%25253Db%2525253A0%255Eo%25253Aid%25253Ds%2525253ApermTableView_widget_b1eb1c61-6839-4684-84d1-51a78623aa16_6adf4440-87a0-40a6-aba5-d11642d179c4-column-Hardware%2525257CHealth%2525257CSystem2%25255Ehidden%25253Db%2525253A0%255Eo%25253Aid%25253Ds%2525253ApermTableView_widget_b1eb1c61-6839-4684-84d1-51a78623aa16_6adf4440-87a0-40a6-aba5-d11642d179c4-column-Settings%2525257CPower%25252520State3%25255Ehidden%25253Db%2525253A0%255Eo%25253Aid%25253Ds%2525253ApermTableView_widget_b1eb1c61-6839-4684-84d1-51a78623aa16_6adf4440-87a0-40a6-aba5-d11642d179c4-column-Summary%2525257COperating%25252520System%2525257CPowered%25252520on%25252520Time4%25255Ehidden%25253Db%2525253A0%255Eo%25253Aid%25253Ds%2525253ApermTableView_widget_b1eb1c61-6839-4684-84d1-51a78623aa16_6adf4440-87a0-40a6-aba5-d11642d179c4-column-Summary%2525257CWarranty%2525257CDays%25252520Left5%25255Ehidden%25253Db%2525253A0%255Eo%25253Aid%25253Ds%2525253ApermTableView_widget_b1eb1c61-6839-4684-84d1-51a78623aa16_6adf4440-87a0-40a6-aba5-d11642d179c4-column-Summary%2525257CServer%25252520Model6%25255Ehidden%25253Db%2525253A0%255Eo%25253Aid%25253Ds%2525253ApermTableView_widget_b1eb1c61-6839-4684-84d1-51a78623aa16_6adf4440-87a0-40a6-aba5-d11642d179c4-column-Summary%2525257CSerial%25252520Number7%25255Ehidden%25253Db%2525253A0%25255Ewidth%25253Dn%2525253A92%255Eo%25253Aid%25253Ds%2525253ApermTableView_widget_b1eb1c61-6839-4684-84d1-51a78623aa16_6adf4440-87a0-40a6-aba5-d11642d179c4-column-Hardware%2525257CChassis%2525257CService%25252520Tag8%25255Ehidden%25253Db%2525253A0%255Eo%25253Aid%25253Ds%2525253ApermTableView_widget_b1eb1c61-6839-4684-84d1-51a78623aa16_6adf4440-87a0-40a6-aba5-d11642d179c4-column-Hardware%2525257CCPU%2525257CCPU%25252520Model9%25255Ehidden%25253Db%2525253A0%255Eo%25253Aid%25253Ds%2525253ApermTableView_widget_b1eb1c61-6839-4684-84d1-51a78623aa16_6adf4440-87a0-40a6-aba5-d11642d179c4-column-Hardware%2525257CCPU%2525257CCPU%25252520Count10%25255Ehidden%25253Db%2525253A0%25255Ewidth%25253Dn%2525253A90%255Eo%25253Aid%25253Ds%2525253ApermTableView_widget_b1eb1c61-6839-4684-84d1-51a78623aa16_6adf4440-87a0-40a6-aba5-d11642d179c4-column-Hardware%2525257CCPU%2525257CCore%25252520Count11%25255Ehidden%25253Db%2525253A0%25255Ewidth%25253Dn%2525253A127%255Eo%25253Aid%25253Ds%2525253ApermTableView_widget_b1eb1c61-6839-4684-84d1-51a78623aa16_6adf4440-87a0-40a6-aba5-d11642d179c4-column-Hardware%2525257CCPU%2525257CThreading%25252520Enabled12%25255Ehidden%25253Db%2525253A0%25255Ewidth%25253Dn%2525253A197%255Eo%25253Aid%25253Ds%2525253ApermTableView_widget_b1eb1c61-6839-4684-84d1-51a78623aa16_6adf4440-87a0-40a6-aba5-d11642d179c4-column-Hardware%2525257CChassis%2525257CMax%25252520DIMM%25252520Slots13%25255Ehidden%25253Db%2525253A0%255Eo%25253Aid%25253Ds%2525253ApermTableView_widget_b1eb1c61-6839-4684-84d1-51a78623aa16_6adf4440-87a0-40a6-aba5-d11642d179c4-column-Hardware%2525257CChassis%2525257CPopulated%25252520DIMM%25252520Slots14%25255Ehidden%25253Db%2525253A0",
                  "key": "permTableView_widget_63629e00-eb4f-47e8-b56f-add47cdda9f4_97c6c407-1e4d-4ffc-9b41-980edbd7b38e"
               }
            ]
         },
         {
            "collapsed": false,
            "id": "014912d0-72f5-4bc0-9cef-a8190a4ee943",
            "gridsterCoords": {
               "w": 3,
               "x": 1,
               "h": 5,
               "y": 11
            },
            "type": "PropertyList",
            "title": "Ping Statistics for selected Server",
            "config": {
               "visualTheme": 2,
               "depth": 1,
               "refreshInterval": 300,
               "metric": {
                  "mode": "resourceKind",
                  "resourceMetrics": [],
                  "resourceKindMetrics": [
                     {
                        "yellowBound": null,
                        "metricUnitId": null,
                        "metricName": "Availability|Ping|Status",
                        "metricKey": "Availability|Ping|Status",
                        "handleOldColoring": false,
                        "resourceKindName": "Physical Server",
                        "isStringMetric": false,
                        "resourceKindId": "resourceKind:id:0_::_",
                        "label": "Ping Status (1=up | 0=down)",
                        "orangeBound": null,
                        "unit": "",
                        "redBound": null,
                        "id": "extModel24065-5",
                        "colorMethod": 1
                     },
                     {
                        "yellowBound": null,
                        "metricUnitId": "percent",
                        "metricName": "Availability|Ping|PacketLoss",
                        "metricKey": "Availability|Ping|PacketLoss",
                        "handleOldColoring": false,
                        "resourceKindName": "Physical Server",
                        "isStringMetric": false,
                        "resourceKindId": "resourceKind:id:0_::_",
                        "label": "Ping Packet Loss",
                        "orangeBound": null,
                        "unit": "%",
                        "redBound": null,
                        "id": "extModel24065-4",
                        "colorMethod": 1
                     },
                     {
                        "yellowBound": null,
                        "metricUnitId": "milliseconds",
                        "metricName": "Availability|Ping|Max",
                        "metricKey": "Availability|Ping|Max",
                        "handleOldColoring": false,
                        "resourceKindName": "Physical Server",
                        "isStringMetric": false,
                        "resourceKindId": "resourceKind:id:0_::_",
                        "label": "Ping Max",
                        "orangeBound": null,
                        "unit": "ms",
                        "redBound": null,
                        "id": "extModel24065-2",
                        "colorMethod": 1
                     },
                     {
                        "yellowBound": null,
                        "metricUnitId": "milliseconds",
                        "metricName": "Availability|Ping|Min",
                        "metricKey": "Availability|Ping|Min",
                        "handleOldColoring": false,
                        "resourceKindName": "Physical Server",
                        "isStringMetric": false,
                        "resourceKindId": "resourceKind:id:0_::_",
                        "label": "Ping Min",
                        "orangeBound": null,
                        "unit": "ms",
                        "redBound": null,
                        "id": "extModel24065-3",
                        "colorMethod": 1
                     },
                     {
                        "yellowBound": null,
                        "metricUnitId": "milliseconds",
                        "metricName": "Availability|Ping|Avg",
                        "metricKey": "Availability|Ping|Avg",
                        "handleOldColoring": false,
                        "resourceKindName": "Physical Server",
                        "isStringMetric": false,
                        "resourceKindId": "resourceKind:id:0_::_",
                        "label": "Ping Average",
                        "orangeBound": null,
                        "unit": "ms",
                        "redBound": null,
                        "id": "extModel24065-1",
                        "colorMethod": 1
                     }
                  ],
                  "subMode": "resourceKindAll"
               },
               "resource": [],
               "refreshContent": {"refreshContent": true},
               "relationshipMode": {"relationshipMode": 0},
               "customFilter": {
                  "filter": [],
                  "excludedResources": null,
                  "includedResources": null
               },
               "selfProvider": {"selfProvider": false},
               "title": "Ping Statistics for selected Server",
               "showMetricFullName": {"metricFullName": true},
               "resInteractionMode": null
            },
            "height": 267,
            "states": [{
               "value": "o%3Acolumns%3Da%253Ao%25253Aid%25253Ds%2525253Ah1%25255Ehidden%25253Db%2525253A1%25255Ewidth%25253Dn%2525253A100%255Eo%25253Aid%25253Ds%2525253Ah2%255Eo%25253Aid%25253Ds%2525253Ah3%255Eo%25253Aid%25253Ds%2525253Ah4",
               "key": "permMetricListDataGrid_metricGrid_widget_63629e00-eb4f-47e8-b56f-add47cdda9f4_014912d0-72f5-4bc0-9cef-a8190a4ee943"
            }]
         },
         {
            "collapsed": false,
            "id": "539bbab4-b7ce-4904-8630-9aee25d07b07",
            "gridsterCoords": {
               "w": 3,
               "x": 10,
               "h": 5,
               "y": 11
            },
            "type": "PropertyList",
            "title": "Chassis Information for selected Server",
            "config": {
               "visualTheme": 2,
               "depth": 1,
               "refreshInterval": 300,
               "metric": {
                  "mode": "resourceKind",
                  "resourceMetrics": [],
                  "resourceKindMetrics": [
                     {
                        "yellowBound": null,
                        "metricUnitId": "celcius",
                        "metricName": "Hardware|Chassis|Estimated Exhaust Temperature",
                        "metricKey": "Hardware|Chassis|Estimated Exhaust Temperature",
                        "handleOldColoring": false,
                        "resourceKindName": "Physical Server",
                        "isStringMetric": false,
                        "resourceKindId": "resourceKind:id:0_::_",
                        "label": "Temperature",
                        "orangeBound": null,
                        "unit": "°C",
                        "redBound": null,
                        "id": "extModel26840-1",
                        "colorMethod": 1
                     },
                     {
                        "yellowBound": null,
                        "metricUnitId": null,
                        "metricName": "Hardware|Chassis|PCIe Devices Count",
                        "metricKey": "Hardware|Chassis|PCIe Devices Count",
                        "handleOldColoring": false,
                        "resourceKindName": "Physical Server",
                        "isStringMetric": false,
                        "resourceKindId": "resourceKind:id:0_::_",
                        "label": "PCI Devices",
                        "orangeBound": null,
                        "unit": "",
                        "redBound": null,
                        "id": "extModel26840-2",
                        "colorMethod": 1
                     },
                     {
                        "yellowBound": null,
                        "metricUnitId": null,
                        "metricName": "Hardware|Chassis|Populated PCIe Slots",
                        "metricKey": "Hardware|Chassis|Populated PCIe Slots",
                        "handleOldColoring": false,
                        "resourceKindName": "Physical Server",
                        "isStringMetric": false,
                        "resourceKindId": "resourceKind:id:0_::_",
                        "label": "Populated PCI Slots",
                        "orangeBound": null,
                        "unit": "",
                        "redBound": null,
                        "id": "extModel26840-4",
                        "colorMethod": 1
                     },
                     {
                        "yellowBound": null,
                        "metricUnitId": null,
                        "metricName": "Hardware|Chassis|Max PCIe Slots",
                        "metricKey": "Hardware|Chassis|Max PCIe Slots",
                        "handleOldColoring": false,
                        "resourceKindName": "Physical Server",
                        "isStringMetric": true,
                        "resourceKindId": "resourceKind:id:0_::_",
                        "label": "Max PCI Slots",
                        "orangeBound": null,
                        "unit": "",
                        "redBound": null,
                        "id": "extModel4403-1",
                        "colorMethod": 1
                     },
                     {
                        "yellowBound": null,
                        "metricUnitId": null,
                        "metricName": "Hardware|Chassis|Power Supply Count",
                        "metricKey": "Hardware|Chassis|Power Supply Count",
                        "handleOldColoring": false,
                        "resourceKindName": "Physical Server",
                        "isStringMetric": false,
                        "resourceKindId": "resourceKind:id:0_::_",
                        "label": "Power Supplies",
                        "orangeBound": null,
                        "unit": "",
                        "redBound": null,
                        "id": "extModel26840-3",
                        "colorMethod": 1
                     },
                     {
                        "yellowBound": null,
                        "metricUnitId": "gibibyte",
                        "metricName": "Hardware|Chassis|Total System Memory",
                        "metricKey": "Hardware|Chassis|Total System Memory",
                        "handleOldColoring": false,
                        "resourceKindName": "Physical Server",
                        "isStringMetric": false,
                        "resourceKindId": "resourceKind:id:0_::_",
                        "label": "Total Memory",
                        "orangeBound": null,
                        "unit": "GiB",
                        "redBound": null,
                        "id": "extModel26840-6",
                        "colorMethod": 1
                     }
                  ],
                  "subMode": "resourceKindAll"
               },
               "resource": [],
               "refreshContent": {"refreshContent": true},
               "relationshipMode": {"relationshipMode": 0},
               "customFilter": {
                  "filter": [],
                  "excludedResources": null,
                  "includedResources": null
               },
               "selfProvider": {"selfProvider": false},
               "title": "Chassis Information for selected Server",
               "showMetricFullName": {"metricFullName": true},
               "resInteractionMode": null
            },
            "height": 267,
            "states": [{
               "value": "o%3Acolumns%3Da%253Ao%25253Aid%25253Ds%2525253Ah1%25255Ehidden%25253Db%2525253A1%25255Ewidth%25253Dn%2525253A100%255Eo%25253Aid%25253Ds%2525253Ah2%255Eo%25253Aid%25253Ds%2525253Ah3%255Eo%25253Aid%25253Ds%2525253Ah4",
               "key": "permMetricListDataGrid_metricGrid_widget_63629e00-eb4f-47e8-b56f-add47cdda9f4_539bbab4-b7ce-4904-8630-9aee25d07b07"
            }]
         },
         {
            "collapsed": false,
            "id": "f65dae35-07f0-49de-8a7a-1a35976275e5",
            "gridsterCoords": {
               "w": 3,
               "x": 4,
               "h": 5,
               "y": 11
            },
            "type": "PropertyList",
            "title": "Network Settings for selected Server",
            "config": {
               "visualTheme": 2,
               "depth": 1,
               "refreshInterval": 300,
               "metric": {
                  "mode": "resourceKind",
                  "resourceMetrics": [],
                  "resourceKindMetrics": [
                     {
                        "yellowBound": null,
                        "metricUnitId": null,
                        "metricName": "Summary|Network|DNS 1",
                        "metricKey": "Summary|Network|DNS 1",
                        "handleOldColoring": false,
                        "resourceKindName": "Physical Server",
                        "isStringMetric": true,
                        "resourceKindId": "resourceKind:id:0_::_",
                        "label": "DNS 1",
                        "orangeBound": null,
                        "unit": "",
                        "redBound": null,
                        "id": "extModel32481-2",
                        "colorMethod": 1
                     },
                     {
                        "yellowBound": null,
                        "metricUnitId": null,
                        "metricName": "Summary|Network|DNS 2",
                        "metricKey": "Summary|Network|DNS 2",
                        "handleOldColoring": false,
                        "resourceKindName": "Physical Server",
                        "isStringMetric": true,
                        "resourceKindId": "resourceKind:id:0_::_",
                        "label": "DNS 2",
                        "orangeBound": null,
                        "unit": "",
                        "redBound": null,
                        "id": "extModel32481-3",
                        "colorMethod": 1
                     },
                     {
                        "yellowBound": null,
                        "metricUnitId": null,
                        "metricName": "Summary|Network|IPv4 Address",
                        "metricKey": "Summary|Network|IPv4 Address",
                        "handleOldColoring": false,
                        "resourceKindName": "Physical Server",
                        "isStringMetric": true,
                        "resourceKindId": "resourceKind:id:0_::_",
                        "label": "IP Address",
                        "orangeBound": null,
                        "unit": "",
                        "redBound": null,
                        "id": "extModel32481-6",
                        "colorMethod": 1
                     },
                     {
                        "yellowBound": null,
                        "metricUnitId": null,
                        "metricName": "Summary|Network|Gateway",
                        "metricKey": "Summary|Network|Gateway",
                        "handleOldColoring": false,
                        "resourceKindName": "Physical Server",
                        "isStringMetric": true,
                        "resourceKindId": "resourceKind:id:0_::_",
                        "label": "Gateway",
                        "orangeBound": null,
                        "unit": "",
                        "redBound": null,
                        "id": "extModel32481-5",
                        "colorMethod": 1
                     },
                     {
                        "yellowBound": null,
                        "metricUnitId": null,
                        "metricName": "Summary|Network|Netmask",
                        "metricKey": "Summary|Network|Netmask",
                        "handleOldColoring": false,
                        "resourceKindName": "Physical Server",
                        "isStringMetric": true,
                        "resourceKindId": "resourceKind:id:0_::_",
                        "label": "Netmask",
                        "orangeBound": null,
                        "unit": "",
                        "redBound": null,
                        "id": "extModel32481-8",
                        "colorMethod": 1
                     }
                  ],
                  "subMode": "resourceKindAll"
               },
               "resource": [],
               "refreshContent": {"refreshContent": true},
               "relationshipMode": {"relationshipMode": 0},
               "customFilter": {
                  "filter": [],
                  "excludedResources": null,
                  "includedResources": null
               },
               "selfProvider": {"selfProvider": false},
               "title": "Network Settings for selected Server",
               "showMetricFullName": {"metricFullName": true},
               "resInteractionMode": null
            },
            "height": 267,
            "states": [{
               "value": "o%3Acolumns%3Da%253Ao%25253Aid%25253Ds%2525253Ah1%25255Ehidden%25253Db%2525253A1%25255Ewidth%25253Dn%2525253A100%255Eo%25253Aid%25253Ds%2525253Ah2%255Eo%25253Aid%25253Ds%2525253Ah3%255Eo%25253Aid%25253Ds%2525253Ah4",
               "key": "permMetricListDataGrid_metricGrid_widget_63629e00-eb4f-47e8-b56f-add47cdda9f4_f65dae35-07f0-49de-8a7a-1a35976275e5"
            }]
         },
         {
            "collapsed": false,
            "id": "7f56a0de-2d81-4b1f-8f97-67289a634344",
            "gridsterCoords": {
               "w": 3,
               "x": 1,
               "h": 12,
               "y": 16
            },
            "type": "View",
            "title": "Physical Disks in selected Server",
            "config": {
               "refreshInterval": 300,
               "resource": null,
               "traversalSpecId": "",
               "refreshContent": {"refreshContent": true},
               "isUpdatedView": true,
               "chartViewItems": [],
               "selectFirstRow": {"selectFirstRow": true},
               "selfProvider": {"selfProvider": false},
               "title": "Physical Disks in selected Server",
               "viewDefinitionId": "3f8217b2-8008-4f77-bf09-9c98c91e99c4"
            },
            "height": 666,
            "states": [
               {
                  "value": "o%3Acolumns%3Da%253Ao%25253Aid%25253Ds%2525253ApermTableView_widget_63629e00-eb4f-47e8-b56f-add47cdda9f4_7f56a0de-2d81-4b1f-8f97-67289a634344-column-0%25255Ehidden%25253Db%2525253A1%25255Ewidth%25253Dn%2525253A209%255Eo%25253Aid%25253Ds%2525253ApermTableView_widget_63629e00-eb4f-47e8-b56f-add47cdda9f4_7f56a0de-2d81-4b1f-8f97-67289a634344-column-Instance%25252520Name1%25255Ehidden%25253Db%2525253A0%255Eo%25253Aid%25253Ds%2525253ApermTableView_widget_63629e00-eb4f-47e8-b56f-add47cdda9f4_7f56a0de-2d81-4b1f-8f97-67289a634344-column-Hardware%2525257CController%2525257CPhysical%25252520Disks%2525253ANVMe%252525200%2525257CPredicted%25252520Media%25252520Life%25252520Left%25252520Percent2%25255Ehidden%25253Db%2525253A0%255Eo%25253Aid%25253Ds%2525253ApermTableView_widget_63629e00-eb4f-47e8-b56f-add47cdda9f4_7f56a0de-2d81-4b1f-8f97-67289a634344-column-Hardware%2525257CController%2525257CPhysical%25252520Disks%2525253ANVMe%252525200%2525257CDrive%25252520Health3%25255Ehidden%25253Db%2525253A0",
                  "key": "permTableView_widget_63629e00-eb4f-47e8-b56f-add47cdda9f4_7f56a0de-2d81-4b1f-8f97-67289a634344"
               },
               {
                  "value": "b%3A1",
                  "key": "perm_toolbarVisible_widget_63629e00-eb4f-47e8-b56f-add47cdda9f4_7f56a0de-2d81-4b1f-8f97-67289a634344"
               },
               {
                  "value": "b%3A0",
                  "key": "perm_isDashboardTime_widget_63629e00-eb4f-47e8-b56f-add47cdda9f4_7f56a0de-2d81-4b1f-8f97-67289a634344"
               }
            ]
         },
         {
            "collapsed": false,
            "id": "7fc2a03b-41c3-443b-8b31-0a10ed066943",
            "gridsterCoords": {
               "w": 3,
               "x": 7,
               "h": 12,
               "y": 16
            },
            "type": "View",
            "title": "Fans in selected Server",
            "config": {
               "refreshInterval": 300,
               "resource": null,
               "traversalSpecId": "",
               "refreshContent": {"refreshContent": true},
               "isUpdatedView": true,
               "chartViewItems": [],
               "selectFirstRow": {"selectFirstRow": false},
               "selfProvider": {"selfProvider": false},
               "title": "Fans in selected Server",
               "viewDefinitionId": "7e7bfa36-e32b-4658-82d2-f4859165d3d1"
            },
            "height": 666,
            "states": [
               {
                  "value": "o%3Acolumns%3Da%253Ao%25253Aid%25253Ds%2525253ApermTableView_widget_63629e00-eb4f-47e8-b56f-add47cdda9f4_7fc2a03b-41c3-443b-8b31-0a10ed066943-column-0%25255Ehidden%25253Db%2525253A1%25255Ewidth%25253Dn%2525253A236.15625%255Eo%25253Aid%25253Ds%2525253ApermTableView_widget_63629e00-eb4f-47e8-b56f-add47cdda9f4_7fc2a03b-41c3-443b-8b31-0a10ed066943-column-Instance%25252520Name1%25255Ehidden%25253Db%2525253A0%255Eo%25253Aid%25253Ds%2525253ApermTableView_widget_63629e00-eb4f-47e8-b56f-add47cdda9f4_7fc2a03b-41c3-443b-8b31-0a10ed066943-column-Hardware%2525257CCooler%2525257CFans%2525253AFan%252525201A%2525257CFan%25252520Health2%25255Ehidden%25253Db%2525253A0%255Eo%25253Aid%25253Ds%2525253ApermTableView_widget_63629e00-eb4f-47e8-b56f-add47cdda9f4_7fc2a03b-41c3-443b-8b31-0a10ed066943-column-Hardware%2525257CCooler%2525257CFans%2525253AFan%252525201A%2525257CFan%25252520PWM3%25255Ehidden%25253Db%2525253A0%255Eo%25253Aid%25253Ds%2525253ApermTableView_widget_63629e00-eb4f-47e8-b56f-add47cdda9f4_7fc2a03b-41c3-443b-8b31-0a10ed066943-column-Hardware%2525257CCooler%2525257CFans%2525253AFan%252525201A%2525257CSpeed4%25255Ehidden%25253Db%2525253A0",
                  "key": "permTableView_widget_63629e00-eb4f-47e8-b56f-add47cdda9f4_7fc2a03b-41c3-443b-8b31-0a10ed066943"
               },
               {
                  "value": "b%3A0",
                  "key": "perm_isDashboardTime_widget_63629e00-eb4f-47e8-b56f-add47cdda9f4_7fc2a03b-41c3-443b-8b31-0a10ed066943"
               }
            ]
         },
         {
            "collapsed": false,
            "id": "295ae32c-ba37-4f30-92a2-2dd122c0d790",
            "gridsterCoords": {
               "w": 4,
               "x": 9,
               "h": 4,
               "y": 7
            },
            "type": "View",
            "title": "Power Supplies in selected Server",
            "config": {
               "refreshInterval": 300,
               "resource": null,
               "traversalSpecId": "",
               "refreshContent": {"refreshContent": true},
               "isUpdatedView": true,
               "chartViewItems": [],
               "selectFirstRow": {"selectFirstRow": false},
               "selfProvider": {"selfProvider": false},
               "title": "Power Supplies in selected Server",
               "viewDefinitionId": "8ae051be-a88d-4e87-be3a-e7c43155db22"
            },
            "height": 210,
            "states": [
               {
                  "value": "o%3Acolumns%3Da%253Ao%25253Aid%25253Ds%2525253ApermTableView_widget_63629e00-eb4f-47e8-b56f-add47cdda9f4_295ae32c-ba37-4f30-92a2-2dd122c0d790-column-0%25255Ehidden%25253Db%2525253A0%255Eo%25253Aid%25253Ds%2525253ApermTableView_widget_63629e00-eb4f-47e8-b56f-add47cdda9f4_295ae32c-ba37-4f30-92a2-2dd122c0d790-column-Instance%25252520Name1%25255Ehidden%25253Db%2525253A0%255Eo%25253Aid%25253Ds%2525253ApermTableView_widget_63629e00-eb4f-47e8-b56f-add47cdda9f4_295ae32c-ba37-4f30-92a2-2dd122c0d790-column-Hardware%2525257CPower%2525253APS1%2525257CLast%25252520Power%25252520Output%25252520Watts2%25255Ehidden%25253Db%2525253A0%255Eo%25253Aid%25253Ds%2525253ApermTableView_widget_63629e00-eb4f-47e8-b56f-add47cdda9f4_295ae32c-ba37-4f30-92a2-2dd122c0d790-column-Hardware%2525257CPower%2525253APS1%2525257CPower%25252520Capacity%25252520Watts3%25255Ehidden%25253Db%2525253A0%255Eo%25253Aid%25253Ds%2525253ApermTableView_widget_63629e00-eb4f-47e8-b56f-add47cdda9f4_295ae32c-ba37-4f30-92a2-2dd122c0d790-column-Hardware%2525257CPower%2525253APS1%2525257CPower%25252520Input%25252520Watts4%25255Ehidden%25253Db%2525253A0%255Eo%25253Aid%25253Ds%2525253ApermTableView_widget_63629e00-eb4f-47e8-b56f-add47cdda9f4_295ae32c-ba37-4f30-92a2-2dd122c0d790-column-Hardware%2525257CPower%2525253APS1%2525257CPower%25252520Output%25252520Watts5%25255Ehidden%25253Db%2525253A0%255Eo%25253Aid%25253Ds%2525253ApermTableView_widget_63629e00-eb4f-47e8-b56f-add47cdda9f4_295ae32c-ba37-4f30-92a2-2dd122c0d790-column-Hardware%2525257CPower%2525253APS1%2525257CLine%25252520Input%25252520Voltage6%25255Ehidden%25253Db%2525253A0%255Eo%25253Aid%25253Ds%2525253ApermTableView_widget_63629e00-eb4f-47e8-b56f-add47cdda9f4_295ae32c-ba37-4f30-92a2-2dd122c0d790-column-Hardware%2525257CPower%2525253APS1%2525257CReading%25252520Volts7%25255Ehidden%25253Db%2525253A0",
                  "key": "permTableView_widget_63629e00-eb4f-47e8-b56f-add47cdda9f4_295ae32c-ba37-4f30-92a2-2dd122c0d790"
               },
               {
                  "value": "b%3A0",
                  "key": "perm_isDashboardTime_widget_63629e00-eb4f-47e8-b56f-add47cdda9f4_295ae32c-ba37-4f30-92a2-2dd122c0d790"
               }
            ]
         },
         {
            "collapsed": false,
            "id": "64501b60-6db0-44cd-846f-df5f4d6459e4",
            "gridsterCoords": {
               "w": 3,
               "x": 10,
               "h": 12,
               "y": 16
            },
            "type": "View",
            "title": "Firmware for selected Server",
            "config": {
               "refreshInterval": 300,
               "resource": null,
               "traversalSpecId": "",
               "refreshContent": {"refreshContent": true},
               "isUpdatedView": true,
               "chartViewItems": [],
               "selectFirstRow": {"selectFirstRow": false},
               "selfProvider": {"selfProvider": false},
               "title": "Firmware for selected Server",
               "viewDefinitionId": "23393b6e-e61e-4ea3-b612-925f9da6fd86"
            },
            "height": 666,
            "states": [
               {
                  "value": "o%3Acolumns%3Da%253Ao%25253Aid%25253Ds%2525253ApermTableView_widget_63629e00-eb4f-47e8-b56f-add47cdda9f4_64501b60-6db0-44cd-846f-df5f4d6459e4-column-0%25255Ehidden%25253Db%2525253A1%25255Ewidth%25253Dn%2525253A195%255Eo%25253Aid%25253Ds%2525253ApermTableView_widget_63629e00-eb4f-47e8-b56f-add47cdda9f4_64501b60-6db0-44cd-846f-df5f4d6459e4-column-Instance%25252520Name1%25255Ehidden%25253Db%2525253A0%255Eo%25253Aid%25253Ds%2525253ApermTableView_widget_63629e00-eb4f-47e8-b56f-add47cdda9f4_64501b60-6db0-44cd-846f-df5f4d6459e4-column-Firmware%2525253ABackplane%252525201%2525257CVersion2%25255Ehidden%25253Db%2525253A0",
                  "key": "permTableView_widget_63629e00-eb4f-47e8-b56f-add47cdda9f4_64501b60-6db0-44cd-846f-df5f4d6459e4"
               },
               {
                  "value": "b%3A0",
                  "key": "perm_isDashboardTime_widget_63629e00-eb4f-47e8-b56f-add47cdda9f4_64501b60-6db0-44cd-846f-df5f4d6459e4"
               }
            ]
         },
         {
            "collapsed": false,
            "id": "2644c9eb-d8f0-4c78-9ad4-34d4759a4c76",
            "gridsterCoords": {
               "w": 3,
               "x": 7,
               "h": 5,
               "y": 11
            },
            "type": "PropertyList",
            "title": "Settings for selected Server",
            "config": {
               "visualTheme": 2,
               "depth": 1,
               "refreshInterval": 300,
               "metric": {
                  "mode": "resourceKind",
                  "resourceMetrics": [],
                  "resourceKindMetrics": [
                     {
                        "yellowBound": null,
                        "metricUnitId": null,
                        "metricName": "Settings|BIOS|Override Enabled",
                        "metricKey": "Settings|BIOS|Override Enabled",
                        "handleOldColoring": false,
                        "resourceKindName": "Physical Server",
                        "isStringMetric": true,
                        "resourceKindId": "resourceKind:id:0_::_",
                        "label": "BIOS Override Enabled",
                        "orangeBound": null,
                        "unit": "",
                        "redBound": null,
                        "id": "extModel23621-1",
                        "colorMethod": 1
                     },
                     {
                        "yellowBound": null,
                        "metricUnitId": null,
                        "metricName": "Settings|BIOS|Override Mode",
                        "metricKey": "Settings|BIOS|Override Mode",
                        "handleOldColoring": false,
                        "resourceKindName": "Physical Server",
                        "isStringMetric": true,
                        "resourceKindId": "resourceKind:id:0_::_",
                        "label": "BIOS Override Mode",
                        "orangeBound": null,
                        "unit": "",
                        "redBound": null,
                        "id": "extModel23621-2",
                        "colorMethod": 1
                     },
                     {
                        "yellowBound": null,
                        "metricUnitId": null,
                        "metricName": "Settings|BIOS|Release Date",
                        "metricKey": "Settings|BIOS|Release Date",
                        "handleOldColoring": false,
                        "resourceKindName": "Physical Server",
                        "isStringMetric": true,
                        "resourceKindId": "resourceKind:id:0_::_",
                        "label": "BIOS Release Date",
                        "orangeBound": null,
                        "unit": "",
                        "redBound": null,
                        "id": "extModel23621-3",
                        "colorMethod": 1
                     },
                     {
                        "yellowBound": null,
                        "metricUnitId": null,
                        "metricName": "Settings|BIOS|Stop Boot On Fault",
                        "metricKey": "Settings|BIOS|Stop Boot On Fault",
                        "handleOldColoring": false,
                        "resourceKindName": "Physical Server",
                        "isStringMetric": true,
                        "resourceKindId": "resourceKind:id:0_::_",
                        "label": "BIOS Stop Boot on Fault",
                        "orangeBound": null,
                        "unit": "",
                        "redBound": null,
                        "id": "extModel23621-4",
                        "colorMethod": 1
                     },
                     {
                        "yellowBound": null,
                        "metricUnitId": null,
                        "metricName": "Settings|TPM State",
                        "metricKey": "Settings|TPM State",
                        "handleOldColoring": false,
                        "resourceKindName": "Physical Server",
                        "isStringMetric": true,
                        "resourceKindId": "resourceKind:id:0_::_",
                        "label": "TPM State",
                        "orangeBound": null,
                        "unit": "",
                        "redBound": null,
                        "id": "extModel23621-10",
                        "colorMethod": 1
                     }
                  ],
                  "subMode": "resourceKindAll"
               },
               "resource": [],
               "refreshContent": {"refreshContent": true},
               "relationshipMode": {"relationshipMode": 0},
               "customFilter": {
                  "filter": [],
                  "excludedResources": null,
                  "includedResources": null
               },
               "selfProvider": {"selfProvider": false},
               "title": "Settings for selected Server",
               "showMetricFullName": {"metricFullName": true},
               "resInteractionMode": null
            },
            "height": 266
         },
         {
            "collapsed": false,
            "id": "402c3bda-0601-4989-b8c0-ec2abff8f1cc",
            "gridsterCoords": {
               "w": 4,
               "x": 9,
               "h": 3,
               "y": 1
            },
            "type": "Scoreboard",
            "title": "Warranty Information for selected Server",
            "config": {
               "maxCellCount": 100,
               "oldMetricValues": false,
               "relationshipMode": {"relationshipMode": 0},
               "valueSize": 12,
               "title": "Warranty Information for selected Server",
               "boxHeight": null,
               "showResourceName": {"showResourceName": false},
               "roundDecimals": null,
               "mode": {"layoutMode": "fixedSize"},
               "labelSize": 14,
               "customFilter": {
                  "filter": [],
                  "excludedResources": null,
                  "includedResources": null
               },
               "selfProvider": {"selfProvider": false},
               "resInteractionMode": null,
               "visualTheme": 3,
               "showMetricName": {"showMetricName": true},
               "refreshInterval": 300,
               "resource": [],
               "showDT": {"showDT": false},
               "refreshContent": {"refreshContent": true},
               "showMetricUnit": {"showMetricUnit": true},
               "depth": 1,
               "metric": {
                  "mode": "resourceKind",
                  "resourceMetrics": [],
                  "resourceKindMetrics": [
                     {
                        "yellowBound": "",
                        "metricUnitId": null,
                        "metricName": "Summary|Warranty|Start Date",
                        "metricKey": "Summary|Warranty|Start Date",
                        "handleOldColoring": false,
                        "link": "",
                        "resourceKindName": "Physical Server",
                        "isStringMetric": true,
                        "resourceKindId": "resourceKind:id:0_::_",
                        "label": "Start Date",
                        "orangeBound": "",
                        "unit": "",
                        "redBound": "",
                        "id": "extModel5393-7",
                        "colorMethod": 2
                     },
                     {
                        "yellowBound": "",
                        "metricUnitId": null,
                        "metricName": "Summary|Warranty|End Date",
                        "metricKey": "Summary|Warranty|End Date",
                        "handleOldColoring": false,
                        "link": "",
                        "resourceKindName": "Physical Server",
                        "isStringMetric": true,
                        "resourceKindId": "resourceKind:id:0_::_",
                        "label": "End Date",
                        "orangeBound": "",
                        "unit": "",
                        "redBound": "",
                        "id": "extModel5393-1",
                        "colorMethod": 2
                     },
                     {
                        "yellowBound": null,
                        "metricUnitId": null,
                        "metricName": "Summary|Warranty|Entitlement Type",
                        "metricKey": "Summary|Warranty|Entitlement Type ",
                        "handleOldColoring": false,
                        "link": "",
                        "resourceKindName": "Physical Server",
                        "isStringMetric": true,
                        "resourceKindId": "resourceKind:id:0_::_",
                        "label": "Entitlement Type",
                        "orangeBound": null,
                        "unit": "",
                        "redBound": null,
                        "id": "extModel5393-2",
                        "colorMethod": 2
                     },
                     {
                        "yellowBound": null,
                        "metricUnitId": null,
                        "metricName": "Summary|Warranty|Service Level|Description",
                        "metricKey": "Summary|Warranty|Service Level|Description",
                        "handleOldColoring": false,
                        "link": "",
                        "resourceKindName": "Physical Server",
                        "isStringMetric": true,
                        "resourceKindId": "resourceKind:id:0_::_",
                        "label": "Description",
                        "orangeBound": null,
                        "unit": "",
                        "redBound": null,
                        "id": "extModel5393-4",
                        "colorMethod": 2
                     }
                  ],
                  "subMode": "resourceKindAll"
               },
               "showSparkline": {"showSparkline": false},
               "boxColumns": 2,
               "periodLength": null
            },
            "height": 153
         },
         {
            "collapsed": false,
            "id": "97ebf13d-dae3-4b38-b776-353e7dab2e9e",
            "gridsterCoords": {
               "w": 4,
               "x": 9,
               "h": 3,
               "y": 4
            },
            "type": "Scoreboard",
            "title": "Health for selected Server",
            "config": {
               "maxCellCount": 100,
               "oldMetricValues": false,
               "relationshipMode": {"relationshipMode": 0},
               "valueSize": 14,
               "title": "Health for selected Server",
               "boxHeight": null,
               "showResourceName": {"showResourceName": false},
               "roundDecimals": 1,
               "mode": {"layoutMode": "fixedSize"},
               "labelSize": 14,
               "customFilter": {
                  "filter": [],
                  "excludedResources": null,
                  "includedResources": null
               },
               "selfProvider": {"selfProvider": false},
               "resInteractionMode": null,
               "visualTheme": 6,
               "showMetricName": {"showMetricName": true},
               "refreshInterval": 300,
               "resource": [],
               "showDT": {"showDT": false},
               "refreshContent": {"refreshContent": true},
               "showMetricUnit": {"showMetricUnit": true},
               "depth": 1,
               "metric": {
                  "mode": "resourceKind",
                  "resourceMetrics": [],
                  "resourceKindMetrics": [
                     {
                        "yellowBound": "Not OK",
                        "metricUnitId": null,
                        "metricName": "Hardware|Health|Battery",
                        "metricKey": "Hardware|Health|Battery",
                        "handleOldColoring": false,
                        "link": "",
                        "resourceKindName": "Physical Server",
                        "isStringMetric": true,
                        "resourceKindId": "resourceKind:id:0_::_",
                        "label": "",
                        "orangeBound": "unknown",
                        "unit": "",
                        "redBound": "Degraded",
                        "id": "extModel31122-1",
                        "colorMethod": 0
                     },
                     {
                        "yellowBound": "Not OK",
                        "metricUnitId": null,
                        "metricName": "Hardware|Health|Cooling",
                        "metricKey": "Hardware|Health|Cooling",
                        "handleOldColoring": false,
                        "link": "",
                        "resourceKindName": "Physical Server",
                        "isStringMetric": true,
                        "resourceKindId": "resourceKind:id:0_::_",
                        "label": "",
                        "orangeBound": "unknown",
                        "unit": "",
                        "redBound": "Degraded",
                        "id": "extModel31122-2",
                        "colorMethod": 0
                     },
                     {
                        "yellowBound": "Not OK",
                        "metricUnitId": null,
                        "metricName": "Hardware|Health|CPU Health",
                        "metricKey": "Hardware|Health|CPU Health",
                        "handleOldColoring": false,
                        "link": "",
                        "resourceKindName": "Physical Server",
                        "isStringMetric": true,
                        "resourceKindId": "resourceKind:id:0_::_",
                        "label": "",
                        "orangeBound": "unknown",
                        "unit": "",
                        "redBound": "Degraded",
                        "id": "extModel31122-3",
                        "colorMethod": 0
                     },
                     {
                        "yellowBound": "Not OK",
                        "metricUnitId": null,
                        "metricName": "Hardware|Health|Memory Health",
                        "metricKey": "Hardware|Health|Memory Health",
                        "handleOldColoring": false,
                        "link": "",
                        "resourceKindName": "Physical Server",
                        "isStringMetric": true,
                        "resourceKindId": "resourceKind:id:0_::_",
                        "label": "",
                        "orangeBound": "unknown",
                        "unit": "",
                        "redBound": "Degraded",
                        "id": "extModel24879-2",
                        "colorMethod": 0
                     },
                     {
                        "yellowBound": "Not OK",
                        "metricUnitId": null,
                        "metricName": "Hardware|Health|Power Supply",
                        "metricKey": "Hardware|Health|Power Supply",
                        "handleOldColoring": false,
                        "link": "",
                        "resourceKindName": "Physical Server",
                        "isStringMetric": true,
                        "resourceKindId": "resourceKind:id:0_::_",
                        "label": "",
                        "orangeBound": "unknown",
                        "unit": "",
                        "redBound": "Degraded",
                        "id": "extModel31122-5",
                        "colorMethod": 0
                     },
                     {
                        "yellowBound": "Not OK",
                        "metricUnitId": null,
                        "metricName": "Hardware|Health|SEL",
                        "metricKey": "Hardware|Health|SEL",
                        "handleOldColoring": false,
                        "link": "",
                        "resourceKindName": "Physical Server",
                        "isStringMetric": true,
                        "resourceKindId": "resourceKind:id:0_::_",
                        "label": "",
                        "orangeBound": "unknown",
                        "unit": "",
                        "redBound": "Degraded",
                        "id": "extModel31122-6",
                        "colorMethod": 0
                     },
                     {
                        "yellowBound": "Not OK",
                        "metricUnitId": null,
                        "metricName": "Hardware|Health|Storage",
                        "metricKey": "Hardware|Health|Storage",
                        "handleOldColoring": false,
                        "link": "",
                        "resourceKindName": "Physical Server",
                        "isStringMetric": true,
                        "resourceKindId": "resourceKind:id:0_::_",
                        "label": "",
                        "orangeBound": "unknown",
                        "unit": "",
                        "redBound": "Degraded",
                        "id": "extModel31122-7",
                        "colorMethod": 0
                     },
                     {
                        "yellowBound": "Not OK",
                        "metricUnitId": null,
                        "metricName": "Hardware|Health|Temperature",
                        "metricKey": "Hardware|Health|Temperature",
                        "handleOldColoring": false,
                        "link": "",
                        "resourceKindName": "Physical Server",
                        "isStringMetric": true,
                        "resourceKindId": "resourceKind:id:0_::_",
                        "label": "",
                        "orangeBound": "unknown",
                        "unit": "",
                        "redBound": "Degraded",
                        "id": "extModel27156-1",
                        "colorMethod": 0
                     },
                     {
                        "yellowBound": "Not OK",
                        "metricUnitId": null,
                        "metricName": "Hardware|Health|System",
                        "metricKey": "Hardware|Health|System",
                        "handleOldColoring": false,
                        "link": "",
                        "resourceKindName": "Physical Server",
                        "isStringMetric": true,
                        "resourceKindId": "resourceKind:id:0_::_",
                        "label": "",
                        "orangeBound": "unknown",
                        "unit": "",
                        "redBound": "Degraded",
                        "id": "extModel31122-8",
                        "colorMethod": 0
                     },
                     {
                        "yellowBound": "Not OK",
                        "metricUnitId": null,
                        "metricName": "Hardware|Health|Volt",
                        "metricKey": "Hardware|Health|Volt",
                        "handleOldColoring": false,
                        "link": "",
                        "resourceKindName": "Physical Server",
                        "isStringMetric": true,
                        "resourceKindId": "resourceKind:id:0_::_",
                        "label": "",
                        "orangeBound": "unknown",
                        "unit": "",
                        "redBound": "Degraded",
                        "id": "extModel31122-10",
                        "colorMethod": 0
                     }
                  ],
                  "subMode": "resourceKindAll"
               },
               "showSparkline": {"showSparkline": false},
               "boxColumns": 5,
               "periodLength": null
            },
            "height": 153
         },
         {
            "collapsed": false,
            "id": "e2eca4f1-8d52-4001-9840-2c2b8f79b998",
            "gridsterCoords": {
               "w": 3,
               "x": 4,
               "h": 12,
               "y": 16
            },
            "type": "View",
            "title": "Volumes in selected Server",
            "config": {
               "refreshInterval": 300,
               "resource": null,
               "traversalSpecId": "",
               "refreshContent": {"refreshContent": true},
               "isUpdatedView": true,
               "chartViewItems": [],
               "selectFirstRow": {"selectFirstRow": true},
               "selfProvider": {"selfProvider": false},
               "title": "Volumes in selected Server",
               "viewDefinitionId": "0d09ddb1-0938-4b57-b435-0609cb6b7b80"
            },
            "height": 666,
            "states": [
               {
                  "value": "b%3A0",
                  "key": "perm_isDashboardTime_widget_63629e00-eb4f-47e8-b56f-add47cdda9f4_e2eca4f1-8d52-4001-9840-2c2b8f79b998"
               },
               {
                  "value": "s%3A%7B%22minType%22%3A%22.TimeIntervalControl%22%2C%22advancedTimeMode%22%3Afalse%2C%22fromTime%22%3Anull%2C%22unit%22%3A%22DAYS%22%2C%22count%22%3A7%2C%22priorUnit%22%3Anull%2C%22priorCount%22%3Anull%2C%22startSubUnit%22%3Anull%2C%22startPeriod%22%3Anull%2C%22toTime%22%3Anull%2C%22endUnit%22%3Anull%2C%22endCount%22%3Anull%2C%22endSubUnit%22%3Anull%2C%22endPeriod%22%3Anull%2C%22isRealTimeData%22%3Anull%2C%22mondayHours%22%3A%5B%5D%2C%22tuesdayHours%22%3A%5B%5D%2C%22wednesdayHours%22%3A%5B%5D%2C%22thursdayHours%22%3A%5B%5D%2C%22fridayHours%22%3A%5B%5D%2C%22saturdayHours%22%3A%5B%5D%2C%22sundayHours%22%3A%5B%5D%7D",
                  "key": "permSelectedDate_widget_63629e00-eb4f-47e8-b56f-add47cdda9f4_e2eca4f1-8d52-4001-9840-2c2b8f79b998"
               },
               {
                  "value": "o%3Acolumns%3Da%253Ao%25253Aid%25253Ds%2525253ApermTableView_widget_63629e00-eb4f-47e8-b56f-add47cdda9f4_e2eca4f1-8d52-4001-9840-2c2b8f79b998-column-0%25255Ehidden%25253Db%2525253A0%255Eo%25253Aid%25253Ds%2525253ApermTableView_widget_63629e00-eb4f-47e8-b56f-add47cdda9f4_e2eca4f1-8d52-4001-9840-2c2b8f79b998-column-Hardware%2525257CController%2525257CVolumes%2525253AVD_0%2525257CVolume%25252520Name1%25255Ehidden%25253Db%2525253A0%255Eo%25253Aid%25253Ds%2525253ApermTableView_widget_63629e00-eb4f-47e8-b56f-add47cdda9f4_e2eca4f1-8d52-4001-9840-2c2b8f79b998-column-Hardware%2525257CController%2525257CVolumes%2525253AVD0%2525257CVolume%25252520Health2%25255Ehidden%25253Db%2525253A0%255Eo%25253Aid%25253Ds%2525253ApermTableView_widget_63629e00-eb4f-47e8-b56f-add47cdda9f4_e2eca4f1-8d52-4001-9840-2c2b8f79b998-column-Hardware%2525257CController%2525257CVolumes%2525253AVD0%2525257CVolume%25252520State3%25255Ehidden%25253Db%2525253A0%255Eo%25253Aid%25253Ds%2525253ApermTableView_widget_63629e00-eb4f-47e8-b56f-add47cdda9f4_e2eca4f1-8d52-4001-9840-2c2b8f79b998-column-Hardware%2525257CController%2525257CVolumes%2525253AVD0%2525257CBus%25252520Protocol4%25255Ehidden%25253Db%2525253A0%255Eo%25253Aid%25253Ds%2525253ApermTableView_widget_63629e00-eb4f-47e8-b56f-add47cdda9f4_e2eca4f1-8d52-4001-9840-2c2b8f79b998-column-Hardware%2525257CController%2525257CVolumes%2525253AVD0%2525257CRead%25252520Cache%25252520Policy5%25255Ehidden%25253Db%2525253A0%255Eo%25253Aid%25253Ds%2525253ApermTableView_widget_63629e00-eb4f-47e8-b56f-add47cdda9f4_e2eca4f1-8d52-4001-9840-2c2b8f79b998-column-Hardware%2525257CController%2525257CVolumes%2525253AVD0%2525257CRAID%25252520Type6%25255Ehidden%25253Db%2525253A0%255Eo%25253Aid%25253Ds%2525253ApermTableView_widget_63629e00-eb4f-47e8-b56f-add47cdda9f4_e2eca4f1-8d52-4001-9840-2c2b8f79b998-column-Hardware%2525257CController%2525257CVolumes%2525253AVD0%2525257CStripe%25252520Size7%25255Ehidden%25253Db%2525253A0%255Eo%25253Aid%25253Ds%2525253ApermTableView_widget_63629e00-eb4f-47e8-b56f-add47cdda9f4_e2eca4f1-8d52-4001-9840-2c2b8f79b998-column-Hardware%2525257CController%2525257CVolumes%2525253AVD0%2525257CVolume%25252520Block%25252520Size8%25255Ehidden%25253Db%2525253A0%255Eo%25253Aid%25253Ds%2525253ApermTableView_widget_63629e00-eb4f-47e8-b56f-add47cdda9f4_e2eca4f1-8d52-4001-9840-2c2b8f79b998-column-Hardware%2525257CController%2525257CVolumes%2525253AVD0%2525257CVolume%25252520Capacity9%25255Ehidden%25253Db%2525253A0%255Eo%25253Aid%25253Ds%2525253ApermTableView_widget_63629e00-eb4f-47e8-b56f-add47cdda9f4_e2eca4f1-8d52-4001-9840-2c2b8f79b998-column-Hardware%2525257CController%2525257CVolumes%2525253AVD0%2525257CVolume%25252520Media%25252520Type10%25255Ehidden%25253Db%2525253A0%255Eo%25253Aid%25253Ds%2525253ApermTableView_widget_63629e00-eb4f-47e8-b56f-add47cdda9f4_e2eca4f1-8d52-4001-9840-2c2b8f79b998-column-Hardware%2525257CController%2525257CVolumes%2525253AVD0%2525257CVolume%25252520Type11%25255Ehidden%25253Db%2525253A0",
                  "key": "permTableView_widget_63629e00-eb4f-47e8-b56f-add47cdda9f4_e2eca4f1-8d52-4001-9840-2c2b8f79b998"
               },
               {
                  "value": "b%3A1",
                  "key": "perm_toolbarVisible_widget_63629e00-eb4f-47e8-b56f-add47cdda9f4_e2eca4f1-8d52-4001-9840-2c2b8f79b998"
               }
            ]
         },
         {
            "collapsed": false,
            "id": "96f9fa69-d04e-4f17-b70f-b46b5c907feb",
            "gridsterCoords": {
               "w": 8,
               "x": 1,
               "h": 5,
               "y": 6
            },
            "type": "AlertList",
            "title": "Alert List",
            "config": {},
            "height": 267,
            "states": [
               {
                  "value": "o%3Acolumns%3Da%253Ao%25253Aid%25253Ds%2525253Ah16%255Eo%25253Aid%25253Ds%2525253Ah1%25255Ehidden%25253Db%2525253A1%25255Ewidth%25253Dn%2525253A100%255Eo%25253Aid%25253Ds%2525253Ah2%255Eo%25253Aid%25253Ds%2525253Ah3%255Eo%25253Aid%25253Ds%2525253Ah4%255Eo%25253Aid%25253Ds%2525253Ah5%255Eo%25253Aid%25253Ds%2525253Ah6%255Eo%25253Aid%25253Ds%2525253Ah7%25255Ehidden%25253Db%2525253A1%255Eo%25253Aid%25253Ds%2525253Ah8%25255Ehidden%25253Db%2525253A1%255Eo%25253Aid%25253Ds%2525253Ah9%25255Ehidden%25253Db%2525253A1%255Eo%25253Aid%25253Ds%2525253Ah10%25255Ehidden%25253Db%2525253A1%255Eo%25253Aid%25253Ds%2525253Ah11%255Eo%25253Aid%25253Ds%2525253Ah12%255Eo%25253Aid%25253Ds%2525253Ah13%25255Ehidden%25253Db%2525253A1%255Eo%25253Aid%25253Ds%2525253Ah14%25255Ehidden%25253Db%2525253A1%255Eo%25253Aid%25253Ds%2525253Ah15%25255Ehidden%25253Db%2525253A0%5EstoreState%3Do%253Asorters%253Da%25253Ao%2525253Aroot%2525253Ds%252525253Adata%2525255Eproperty%2525253Ds%252525253AalertLevel%2525255Edirection%2525253Ds%252525253ADESC%2525255Eid%2525253Ds%252525253AalertLevel",
                  "key": "permAlertGrid_perm_widget_63629e00-eb4f-47e8-b56f-add47cdda9f4_96f9fa69-d04e-4f17-b70f-b46b5c907feb"
               },
               {
                  "value": "s%3A%7B%22dateRange%22%3A%22last30Days%22%2C%22dateFrom%22%3Anull%2C%22dateTo%22%3Anull%2C%22timeFrom%22%3Anull%2C%22timeTo%22%3Anull%7D",
                  "key": "permDateFilter_widget_63629e00-eb4f-47e8-b56f-add47cdda9f4_96f9fa69-d04e-4f17-b70f-b46b5c907feb"
               },
               {
                  "value": "s%3ADEFINITION",
                  "key": "permViewMode_widget_63629e00-eb4f-47e8-b56f-add47cdda9f4_96f9fa69-d04e-4f17-b70f-b46b5c907feb"
               }
            ]
         }
      ],
      "userId": "243d8e63-642a-43a4-b493-f5b816c8b745",
      "states": [],
      "homeTab": false,
      "name": "Dell EMC Server Details",
      "gridsterMaxColumns": 12,
      "rank": 0,
      "disabled": false,
      "id": "63629e00-eb4f-47e8-b56f-add47cdda9f4",
      "locked": false,
      "dashboardNavigations": {},
      "widgetInteractions": [
         {
            "widgetIdProvider": "97c6c407-1e4d-4ffc-9b41-980edbd7b38e",
            "type": "resourceId",
            "widgetIdReceiver": "014912d0-72f5-4bc0-9cef-a8190a4ee943"
         },
         {
            "widgetIdProvider": "97c6c407-1e4d-4ffc-9b41-980edbd7b38e",
            "type": "resourceId",
            "widgetIdReceiver": "539bbab4-b7ce-4904-8630-9aee25d07b07"
         },
         {
            "widgetIdProvider": "97c6c407-1e4d-4ffc-9b41-980edbd7b38e",
            "type": "resourceId",
            "widgetIdReceiver": "f65dae35-07f0-49de-8a7a-1a35976275e5"
         },
         {
            "widgetIdProvider": "97c6c407-1e4d-4ffc-9b41-980edbd7b38e",
            "type": "resourceId",
            "widgetIdReceiver": "7f56a0de-2d81-4b1f-8f97-67289a634344"
         },
         {
            "widgetIdProvider": "97c6c407-1e4d-4ffc-9b41-980edbd7b38e",
            "type": "resourceId",
            "widgetIdReceiver": "7fc2a03b-41c3-443b-8b31-0a10ed066943"
         },
         {
            "widgetIdProvider": "97c6c407-1e4d-4ffc-9b41-980edbd7b38e",
            "type": "resourceId",
            "widgetIdReceiver": "295ae32c-ba37-4f30-92a2-2dd122c0d790"
         },
         {
            "widgetIdProvider": "97c6c407-1e4d-4ffc-9b41-980edbd7b38e",
            "type": "resourceId",
            "widgetIdReceiver": "64501b60-6db0-44cd-846f-df5f4d6459e4"
         },
         {
            "widgetIdProvider": "97c6c407-1e4d-4ffc-9b41-980edbd7b38e",
            "type": "resourceId",
            "widgetIdReceiver": "2644c9eb-d8f0-4c78-9ad4-34d4759a4c76"
         },
         {
            "widgetIdProvider": "97c6c407-1e4d-4ffc-9b41-980edbd7b38e",
            "type": "resourceId",
            "widgetIdReceiver": "402c3bda-0601-4989-b8c0-ec2abff8f1cc"
         },
         {
            "widgetIdProvider": "97c6c407-1e4d-4ffc-9b41-980edbd7b38e",
            "type": "resourceId",
            "widgetIdReceiver": "97ebf13d-dae3-4b38-b776-353e7dab2e9e"
         },
         {
            "widgetIdProvider": "97c6c407-1e4d-4ffc-9b41-980edbd7b38e",
            "type": "resourceId",
            "widgetIdReceiver": "e2eca4f1-8d52-4001-9840-2c2b8f79b998"
         }
      ],
      "lastUpdateTime": 1769779582161
   }],
   "uuid": "a9dbe5b2-f92f-4355-a865-c05aea854644"
}