{
   "entries": {
      "resourceKind": [{
         "resourceKindKey": "PhysicalServer",
         "internalId": "resourceKind:id:0_::_",
         "adapterKindKey": "HardwarevCommunity"
      }],
      "resource": [{
         "resourceKindKey": "Environment",
         "internalId": "resource:id:0_::_",
         "adapterKindKey": "Container",
         "identifiers": [],
         "name": "Dell EMC Servers"
      }]
   },
   "dashboards": [{
      "shared": false,
      "temporary": false,
      "hidden": false,
      "creationTime": 1769463499387,
      "autoswitchEnabled": false,
      "importAttempts": 0,
      "lastUpdateUserId": "243d8e63-642a-43a4-b493-f5b816c8b745",
      "columnProportion": "1-1",
      "importComplete": true,
      "description": "",
      "columnCount": 1,
      "widgets": [
         {
            "collapsed": false,
            "id": "aa1c65cd-2e80-459e-b2a6-348f6a38274a",
            "gridsterCoords": {
               "w": 7,
               "x": 1,
               "h": 12,
               "y": 1
            },
            "type": "View",
            "title": "Dell EMC Servers",
            "config": {
               "refreshInterval": 300,
               "resource": {
                  "resourceId": "resource:id:0_::_",
                  "traversalSpecId": "",
                  "resourceName": "Dell EMC Servers",
                  "resourceKindId": "002009ContainerEnvironment",
                  "id": "Ext.vcops.chrome.model.Resource-94"
               },
               "traversalSpecId": null,
               "refreshContent": {"refreshContent": true},
               "isUpdatedView": true,
               "chartViewItems": [],
               "selectFirstRow": {"selectFirstRow": true},
               "selfProvider": {"selfProvider": true},
               "title": "Dell EMC Servers",
               "viewDefinitionId": "b22c0d69-7c66-433e-957b-4470a59e7aea"
            },
            "height": 666,
            "states": [
               {
                  "value": "o%3Acolumns%3Da%253Ao%25253Aid%25253Ds%2525253ApermTableView_widget_0f9e53c2-e1d9-42bd-a9f3-a9bc5d17be8b_aa1c65cd-2e80-459e-b2a6-348f6a38274a-column-0%25255Ehidden%25253Db%2525253A0%25255Ewidth%25253Dn%2525253A293%255Eo%25253Aid%25253Ds%2525253ApermTableView_widget_0f9e53c2-e1d9-42bd-a9f3-a9bc5d17be8b_aa1c65cd-2e80-459e-b2a6-348f6a38274a-column-Availability%2525257CPing%2525257CStatus1%25255Ehidden%25253Db%2525253A0%255Eo%25253Aid%25253Ds%2525253ApermTableView_widget_0f9e53c2-e1d9-42bd-a9f3-a9bc5d17be8b_aa1c65cd-2e80-459e-b2a6-348f6a38274a-column-Availability%2525257CPing%2525257CPacketLoss2%25255Ehidden%25253Db%2525253A0%255Eo%25253Aid%25253Ds%2525253ApermTableView_widget_0f9e53c2-e1d9-42bd-a9f3-a9bc5d17be8b_aa1c65cd-2e80-459e-b2a6-348f6a38274a-column-Hardware%2525257CHealth%2525257CSystem3%25255Ehidden%25253Db%2525253A0%255Eo%25253Aid%25253Ds%2525253ApermTableView_widget_0f9e53c2-e1d9-42bd-a9f3-a9bc5d17be8b_aa1c65cd-2e80-459e-b2a6-348f6a38274a-column-Settings%2525257CPower%25252520State4%25255Ehidden%25253Db%2525253A0%255Eo%25253Aid%25253Ds%2525253ApermTableView_widget_0f9e53c2-e1d9-42bd-a9f3-a9bc5d17be8b_aa1c65cd-2e80-459e-b2a6-348f6a38274a-column-Summary%2525257COperating%25252520System%2525257CPowered%25252520on%25252520Time5%25255Ehidden%25253Db%2525253A0%255Eo%25253Aid%25253Ds%2525253ApermTableView_widget_0f9e53c2-e1d9-42bd-a9f3-a9bc5d17be8b_aa1c65cd-2e80-459e-b2a6-348f6a38274a-column-Summary%2525257CWarranty%2525257CDays%25252520Left6%25255Ehidden%25253Db%2525253A0%255Eo%25253Aid%25253Ds%2525253ApermTableView_widget_0f9e53c2-e1d9-42bd-a9f3-a9bc5d17be8b_aa1c65cd-2e80-459e-b2a6-348f6a38274a-column-Summary%2525257CNetwork%2525257CIPv4%25252520Address7%25255Ehidden%25253Db%2525253A0%255Eo%25253Aid%25253Ds%2525253ApermTableView_widget_0f9e53c2-e1d9-42bd-a9f3-a9bc5d17be8b_aa1c65cd-2e80-459e-b2a6-348f6a38274a-column-Summary%2525257CNetwork%2525257CGateway8%25255Ehidden%25253Db%2525253A0%255Eo%25253Aid%25253Ds%2525253ApermTableView_widget_0f9e53c2-e1d9-42bd-a9f3-a9bc5d17be8b_aa1c65cd-2e80-459e-b2a6-348f6a38274a-column-Summary%2525257CNetwork%2525257CNetmask9%25255Ehidden%25253Db%2525253A0",
                  "key": "permTableView_widget_0f9e53c2-e1d9-42bd-a9f3-a9bc5d17be8b_aa1c65cd-2e80-459e-b2a6-348f6a38274a"
               },
               {
                  "value": "b%3A0",
                  "key": "perm_isDashboardTime_widget_0f9e53c2-e1d9-42bd-a9f3-a9bc5d17be8b_aa1c65cd-2e80-459e-b2a6-348f6a38274a"
               },
               {
                  "value": "s%3A%7B%22minType%22%3A%22.TimeIntervalControl%22%2C%22advancedTimeMode%22%3Afalse%2C%22fromTime%22%3Anull%2C%22unit%22%3A%22DAYS%22%2C%22count%22%3A7%2C%22priorUnit%22%3Anull%2C%22priorCount%22%3Anull%2C%22startSubUnit%22%3Anull%2C%22startPeriod%22%3Anull%2C%22toTime%22%3Anull%2C%22endUnit%22%3Anull%2C%22endCount%22%3Anull%2C%22endSubUnit%22%3Anull%2C%22endPeriod%22%3Anull%2C%22isRealTimeData%22%3Anull%2C%22mondayHours%22%3Anull%2C%22tuesdayHours%22%3Anull%2C%22wednesdayHours%22%3Anull%2C%22thursdayHours%22%3Anull%2C%22fridayHours%22%3Anull%2C%22saturdayHours%22%3Anull%2C%22sundayHours%22%3Anull%7D",
                  "key": "permSelectedDate_widget_0f9e53c2-e1d9-42bd-a9f3-a9bc5d17be8b_aa1c65cd-2e80-459e-b2a6-348f6a38274a"
               }
            ]
         },
         {
            "collapsed": false,
            "id": "7f6491b9-0df9-403b-88ba-561f639d34b7",
            "gridsterCoords": {
               "w": 5,
               "x": 8,
               "h": 6,
               "y": 1
            },
            "type": "MetricChart",
            "title": "Ping Status for selected Server (1=up | 0=down)",
            "config": {
               "depth": 1,
               "refreshInterval": 300,
               "metric": {
                  "mode": "resourceKind",
                  "resourceMetrics": [],
                  "resourceKindMetrics": [{
                     "yellowBound": null,
                     "metricName": "Availability|Ping|Status",
                     "metricKey": "Availability|Ping|Status",
                     "handleOldColoring": false,
                     "resourceKindName": "Physical Server",
                     "isStringMetric": false,
                     "resourceKindId": "resourceKind:id:0_::_",
                     "redBound": null,
                     "id": "extModel176868-1",
                     "orangeBound": null,
                     "colorMethod": 2
                  }],
                  "subMode": "resourceKindAll"
               },
               "resource": [],
               "refreshContent": {"refreshContent": true},
               "relationshipMode": {"relationshipMode": 0},
               "customFilter": {
                  "filter": [],
                  "excludedResources": null,
                  "includedResources": null
               },
               "selfProvider": {"selfProvider": false},
               "title": "Ping Status for selected Server (1=up | 0=down)",
               "resInteractionMode": null
            },
            "height": 323,
            "states": [
               {
                  "value": "b%3A0",
                  "key": "perm_toolbarVisible_widget_0f9e53c2-e1d9-42bd-a9f3-a9bc5d17be8b_7f6491b9-0df9-403b-88ba-561f639d34b7"
               },
               {
                  "value": "b%3A0",
                  "key": "permBtn_pan_permMetricChart_widget_0f9e53c2-e1d9-42bd-a9f3-a9bc5d17be8b_7f6491b9-0df9-403b-88ba-561f639d34b7"
               },
               {
                  "value": "s%3A%7B%22dateRange%22%3A%22dashboardTime%22%2C%22dateFrom%22%3Anull%2C%22dateTo%22%3Anull%2C%22timeFrom%22%3Anull%2C%22timeTo%22%3Anull%7D",
                  "key": "permDateRange1_permMetricChart_widget_0f9e53c2-e1d9-42bd-a9f3-a9bc5d17be8b_7f6491b9-0df9-403b-88ba-561f639d34b7"
               },
               {
                  "value": "o%3A",
                  "key": "permMetricChart_widget_0f9e53c2-e1d9-42bd-a9f3-a9bc5d17be8b_7f6491b9-0df9-403b-88ba-561f639d34b7"
               },
               {
                  "value": "b%3A0",
                  "key": "permBtn_zoomAllGraphs_permMetricChart_widget_0f9e53c2-e1d9-42bd-a9f3-a9bc5d17be8b_7f6491b9-0df9-403b-88ba-561f639d34b7"
               }
            ]
         },
         {
            "collapsed": false,
            "id": "08b9539b-c057-40e0-8d22-f9bdfc580a3f",
            "gridsterCoords": {
               "w": 5,
               "x": 8,
               "h": 6,
               "y": 7
            },
            "type": "MetricChart",
            "title": "Ping Packet Loss for selected Server",
            "config": {
               "depth": 1,
               "refreshInterval": 300,
               "metric": {
                  "mode": "resourceKind",
                  "resourceMetrics": [],
                  "resourceKindMetrics": [{
                     "yellowBound": null,
                     "metricUnitId": "percent",
                     "metricName": "Availability|Ping|PacketLoss",
                     "metricKey": "Availability|Ping|PacketLoss",
                     "handleOldColoring": false,
                     "resourceKindName": "Physical Server",
                     "isStringMetric": false,
                     "resourceKindId": "resourceKind:id:0_::_",
                     "orangeBound": null,
                     "unit": "%",
                     "redBound": null,
                     "id": "extModel182294-1",
                     "colorMethod": 2
                  }],
                  "subMode": "resourceKindAll"
               },
               "resource": [],
               "refreshContent": {"refreshContent": true},
               "relationshipMode": {"relationshipMode": 0},
               "customFilter": {
                  "filter": [],
                  "excludedResources": null,
                  "includedResources": null
               },
               "selfProvider": {"selfProvider": false},
               "title": "Ping Packet Loss for selected Server",
               "resInteractionMode": null
            },
            "height": 323,
            "states": [
               {
                  "value": "o%3A",
                  "key": "permMetricChart_widget_0f9e53c2-e1d9-42bd-a9f3-a9bc5d17be8b_08b9539b-c057-40e0-8d22-f9bdfc580a3f"
               },
               {
                  "value": "s%3A%7B%22dateRange%22%3A%22dashboardTime%22%2C%22dateFrom%22%3Anull%2C%22dateTo%22%3Anull%2C%22timeFrom%22%3Anull%2C%22timeTo%22%3Anull%7D",
                  "key": "permDateRange1_permMetricChart_widget_0f9e53c2-e1d9-42bd-a9f3-a9bc5d17be8b_08b9539b-c057-40e0-8d22-f9bdfc580a3f"
               },
               {
                  "value": "b%3A0",
                  "key": "permBtn_pan_permMetricChart_widget_0f9e53c2-e1d9-42bd-a9f3-a9bc5d17be8b_08b9539b-c057-40e0-8d22-f9bdfc580a3f"
               },
               {
                  "value": "b%3A0",
                  "key": "permBtn_zoomAllGraphs_permMetricChart_widget_0f9e53c2-e1d9-42bd-a9f3-a9bc5d17be8b_08b9539b-c057-40e0-8d22-f9bdfc580a3f"
               }
            ]
         },
         {
            "collapsed": false,
            "id": "97ebb3a0-401f-4e3a-851d-8dd4c22a464b",
            "gridsterCoords": {
               "w": 7,
               "x": 1,
               "h": 9,
               "y": 13
            },
            "type": "AlertList",
            "title": "Alert List for selected Server",
            "config": {
               "alertImpact": [],
               "alertAction": [],
               "refreshInterval": 300,
               "resource": [],
               "refreshContent": {"refreshContent": true},
               "relationshipMode": {"relationshipMode": [
                  -1,
                  0
               ]},
               "criticalityLevel": [],
               "title": "Alert List for selected Server",
               "type": [],
               "mode": "all",
               "filterMode": "tagPicker",
               "tagFilter": null,
               "alertDefinitions": [],
               "depth": 1,
               "customFilter": {
                  "filter": [],
                  "excludedResources": null,
                  "includedResources": null
               },
               "selfProvider": {"selfProvider": false},
               "state": [],
               "status": []
            },
            "height": 494,
            "states": [
               {
                  "value": "o%3Acolumns%3Da%253Ao%25253Aid%25253Ds%2525253Ah16%255Eo%25253Aid%25253Ds%2525253Ah1%25255Ehidden%25253Db%2525253A1%25255Ewidth%25253Dn%2525253A100%255Eo%25253Aid%25253Ds%2525253Ah2%255Eo%25253Aid%25253Ds%2525253Ah3%255Eo%25253Aid%25253Ds%2525253Ah4%255Eo%25253Aid%25253Ds%2525253Ah5%255Eo%25253Aid%25253Ds%2525253Ah6%255Eo%25253Aid%25253Ds%2525253Ah7%25255Ehidden%25253Db%2525253A1%255Eo%25253Aid%25253Ds%2525253Ah8%25255Ehidden%25253Db%2525253A1%255Eo%25253Aid%25253Ds%2525253Ah9%25255Ehidden%25253Db%2525253A1%255Eo%25253Aid%25253Ds%2525253Ah10%25255Ehidden%25253Db%2525253A1%255Eo%25253Aid%25253Ds%2525253Ah11%255Eo%25253Aid%25253Ds%2525253Ah12%255Eo%25253Aid%25253Ds%2525253Ah13%25255Ehidden%25253Db%2525253A1%255Eo%25253Aid%25253Ds%2525253Ah14%25255Ehidden%25253Db%2525253A1%255Eo%25253Aid%25253Ds%2525253Ah15%25255Ehidden%25253Db%2525253A0%5EstoreState%3Do%253Asorters%253Da%25253Ao%2525253Aroot%2525253Ds%252525253Adata%2525255Eproperty%2525253Ds%252525253AalertLevel%2525255Edirection%2525253Ds%252525253ADESC%2525255Eid%2525253Ds%252525253AalertLevel",
                  "key": "permAlertGrid_perm_widget_0f9e53c2-e1d9-42bd-a9f3-a9bc5d17be8b_97ebb3a0-401f-4e3a-851d-8dd4c22a464b"
               },
               {
                  "value": "s%3ADEFINITION",
                  "key": "permViewMode_widget_0f9e53c2-e1d9-42bd-a9f3-a9bc5d17be8b_97ebb3a0-401f-4e3a-851d-8dd4c22a464b"
               },
               {
                  "value": "s%3A%7B%22dateRange%22%3A%22last30Days%22%2C%22dateFrom%22%3Anull%2C%22dateTo%22%3Anull%2C%22timeFrom%22%3Anull%2C%22timeTo%22%3Anull%7D",
                  "key": "permDateFilter_widget_0f9e53c2-e1d9-42bd-a9f3-a9bc5d17be8b_97ebb3a0-401f-4e3a-851d-8dd4c22a464b"
               }
            ]
         },
         {
            "collapsed": false,
            "id": "37f6d182-4ed2-4655-931c-b740f07c72ab",
            "gridsterCoords": {
               "w": 5,
               "x": 8,
               "h": 9,
               "y": 13
            },
            "type": "ResourceRelationshipAdvanced",
            "title": "Advanced Object Relationship for selected Server",
            "config": {
               "filterMode": "tagPicker",
               "tagFilter": null,
               "resourceId": null,
               "depth": "1,1",
               "refreshInterval": 300,
               "traversalSpecId": "",
               "refreshContent": {"refreshContent": true},
               "customFilter": {
                  "filter": [],
                  "excludedResources": null,
                  "includedResources": null
               },
               "resourceName": null,
               "selectFirstRow": {"selectFirstRow": true},
               "selfProvider": {"selfProvider": false},
               "title": "Advanced Object Relationship for selected Server"
            },
            "height": 494
         }
      ],
      "userId": "243d8e63-642a-43a4-b493-f5b816c8b745",
      "states": [{
         "value": "o%3AdateRange%3Ds%253Alast7Days%5EdateRangeText%3Ds%253A7D",
         "key": "permDashboardTime_dashboard_0f9e53c2-e1d9-42bd-a9f3-a9bc5d17be8b"
      }],
      "homeTab": false,
      "name": "Dell EMC Servers Ping Reponse",
      "gridsterMaxColumns": 12,
      "rank": 0,
      "disabled": false,
      "id": "0f9e53c2-e1d9-42bd-a9f3-a9bc5d17be8b",
      "locked": false,
      "dashboardNavigations": {},
      "widgetInteractions": [
         {
            "widgetIdProvider": "aa1c65cd-2e80-459e-b2a6-348f6a38274a",
            "type": "resourceId",
            "widgetIdReceiver": "7f6491b9-0df9-403b-88ba-561f639d34b7"
         },
         {
            "widgetIdProvider": "aa1c65cd-2e80-459e-b2a6-348f6a38274a",
            "type": "resourceId",
            "widgetIdReceiver": "08b9539b-c057-40e0-8d22-f9bdfc580a3f"
         },
         {
            "widgetIdProvider": "aa1c65cd-2e80-459e-b2a6-348f6a38274a",
            "type": "resourceId",
            "widgetIdReceiver": "97ebb3a0-401f-4e3a-851d-8dd4c22a464b"
         },
         {
            "widgetIdProvider": "aa1c65cd-2e80-459e-b2a6-348f6a38274a",
            "type": "resourceId",
            "widgetIdReceiver": "37f6d182-4ed2-4655-931c-b740f07c72ab"
         }
      ],
      "lastUpdateTime": 1769777593710
   }],
   "uuid": "57453a5f-89d3-48d6-9e66-178e3631ef24"
}